New Scanning Bug telkomsel 2020

Created Boychongzen aka Xroot



acpes.unnes.ac.id<BR>cpanel.acpes.unnes.ac.id<BR>mail.acpes.unnes.ac.id<BR>webdisk.acpes.unnes.ac.id<BR>webmail.acpes.unnes.ac.id<BR>www.acpes.unnes.ac.id

acpes2015.unnes.ac.id

admission.unnes.ac.id

afebi.unnes.ac.id

afebi.unnes.ac.id<BR>cpanel.afebi.unnes.ac.id<BR>mail.afebi.unnes.ac.id<BR>webdisk.afebi.unnes.ac.id<BR>webmail.afebi.unnes.ac.id<BR>www.afebi.unnes.ac.id

agenda.unnes.ac.id<BR>cpanel.agenda.unnes.ac.id<BR>mail.agenda.unnes.ac.id<BR>webdisk.agenda.unnes.ac.id<BR>webmail.agenda.unnes.ac.id<BR>www.agenda.unnes.ac.id

akademik.unnes.ac.id

akuntansi.unnes.ac.id

aliformen.unnes.ac.id

alumni.unnes.ac.id

apps.unnes.ac.id

arsip.unnes.ac.id

arsitektur.unnes.ac.id

arsitektur.unnes.ac.id<BR>cpanel.arsitektur.unnes.ac.id<BR>mail.arsitektur.unnes.ac.id<BR>webdisk.arsitektur.unnes.ac.id<BR>webmail.arsitektur.unnes.ac.id<BR>www.arsitektur.unnes.ac.id

baakk.unnes.ac.id

beasiswa.unnes.ac.id

bemfbs.unnes.ac.id

bemfbs.unnes.ac.id<BR>cpanel.bemfbs.unnes.ac.id<BR>mail.bemfbs.unnes.ac.id<BR>webdisk.bemfbs.unnes.ac.id<BR>webmail.bemfbs.unnes.ac.id<BR>www.bemfbs.unnes.ac.id

bemfmipa.unnes.ac.id

bemfmipa.unnes.ac.id<BR>cpanel.bemfmipa.unnes.ac.id<BR>mail.bemfmipa.unnes.ac.id<BR>webdisk.bemfmipa.unnes.ac.id<BR>webmail.bemfmipa.unnes.ac.id<BR>www.bemfmipa.unnes.ac.id

bemft.unnes.ac.id

bemft.unnes.ac.id<BR>cpanel.bemft.unnes.ac.id<BR>mail.bemft.unnes.ac.id<BR>webdisk.bemft.unnes.ac.id<BR>webmail.bemft.unnes.ac.id<BR>www.bemft.unnes.ac.id

bemkm.unnes.ac.id

bidikmisi.unnes.ac.id

biologi.unnes.ac.id

biologi.unnes.ac.id<BR>cpanel.biologi.unnes.ac.id<BR>mail.biologi.unnes.ac.id<BR>webdisk.biologi.unnes.ac.id<BR>webmail.biologi.unnes.ac.id<BR>www.biologi.unnes.ac.id

bk.unnes.ac.id

bk.unnes.ac.id<BR>cpanel.bk.unnes.ac.id<BR>mail.bk.unnes.ac.id<BR>webdisk.bk.unnes.ac.id<BR>webmail.bk.unnes.ac.id<BR>www.bk.unnes.ac.id

blog.unnes.ac.id

boga.unnes.ac.id

boga.unnes.ac.id<BR>cpanel.boga.unnes.ac.id<BR>mail.boga.unnes.ac.id<BR>webdisk.boga.unnes.ac.id<BR>webmail.boga.unnes.ac.id<BR>www.boga.unnes.ac.id

bpb.unnes.ac.id

bpb.unnes.ac.id<BR>cpanel.bpb.unnes.ac.id<BR>mail.bpb.unnes.ac.id<BR>webdisk.bpb.unnes.ac.id<BR>webmail.bpb.unnes.ac.id<BR>www.bpb.unnes.ac.id

bpk.unnes.ac.id

bpk.unnes.ac.id<BR>cpanel.bpk.unnes.ac.id<BR>mail.bpk.unnes.ac.id<BR>webdisk.bpk.unnes.ac.id<BR>webmail.bpk.unnes.ac.id<BR>www.bpk.unnes.ac.id

bpm.unnes.ac.id

bptik.unnes.ac.id

bsa.unnes.ac.id

bsa.unnes.ac.id<BR>cpanel.bsa.unnes.ac.id<BR>mail.bsa.unnes.ac.id<BR>webdisk.bsa.unnes.ac.id<BR>webmail.bsa.unnes.ac.id<BR>www.bsa.unnes.ac.id

buku.unnes.ac.id

busana.unnes.ac.id

busana.unnes.ac.id<BR>cpanel.busana.unnes.ac.id<BR>mail.busana.unnes.ac.id<BR>webdisk.busana.unnes.ac.id<BR>webmail.busana.unnes.ac.id<BR>www.busana.unnes.ac.id

ce.unnes.ac.id

ce.unnes.ac.id<BR>cpanel.ce.unnes.ac.id<BR>mail.ce.unnes.ac.id<BR>webdisk.ce.unnes.ac.id<BR>webmail.ce.unnes.ac.id<BR>www.ce.unnes.ac.id

ceclace.unnes.ac.id<BR>cpanel.ceclace.unnes.ac.id<BR>mail.ceclace.unnes.ac.id<BR>webdisk.ceclace.unnes.ac.id<BR>webmail.ceclace.unnes.ac.id<BR>www.ceclace.unnes.ac.id

conf.unnes.ac.id

cpanel-01.unnes.ac.id<BR>www.cpanel-01.unnes.ac.id

cpanel-02.unnes.ac.id<BR>www.cpanel-02.unnes.ac.id

cpanel-03.unnes.ac.id<BR>www.cpanel-03.unnes.ac.id

cpanel-04.unnes.ac.id<BR>www.cpanel-04.unnes.ac.id

daftar.unnes.ac.id

data.unnes.ac.id

datapokok.unnes.ac.id

digilib.unnes.ac.id

diklat.unnes.ac.id

dpmfip.unnes.ac.id

cpanel.dpmfip.unnes.ac.id<BR>dpmfip.unnes.ac.id<BR>mail.dpmfip.unnes.ac.id<BR>webdisk.dpmfip.unnes.ac.id<BR>webmail.dpmfip.unnes.ac.id<BR>www.dpmfip.unnes.ac.id

cpanel.dpmfis.unnes.ac.id<BR>dpmfis.unnes.ac.id<BR>mail.dpmfis.unnes.ac.id<BR>webdisk.dpmfis.unnes.ac.id<BR>webmail.dpmfis.unnes.ac.id<BR>www.dpmfis.unnes.ac.id

dpmkm.unnes.ac.id

cpanel.dpmkm.unnes.ac.id<BR>dpmkm.unnes.ac.id<BR>mail.dpmkm.unnes.ac.id<BR>webdisk.dpmkm.unnes.ac.id<BR>webmail.dpmkm.unnes.ac.id<BR>www.dpmkm.unnes.ac.id

duanol.unnes.ac.id

edaj.unnes.ac.id

cpanel.edaj.unnes.ac.id<BR>edaj.unnes.ac.id<BR>mail.edaj.unnes.ac.id<BR>webdisk.edaj.unnes.ac.id<BR>webmail.edaj.unnes.ac.id<BR>www.edaj.unnes.ac.id

ekraf.unnes.ac.id

cpanel.ekraf.unnes.ac.id<BR>ekraf.unnes.ac.id<BR>mail.ekraf.unnes.ac.id<BR>webdisk.ekraf.unnes.ac.id<BR>webmail.ekraf.unnes.ac.id<BR>www.ekraf.unnes.ac.id

elena.unnes.ac.id

eltlt.unnes.ac.id

cpanel.eltlt.unnes.ac.id<BR>eltlt.unnes.ac.id<BR>mail.eltlt.unnes.ac.id<BR>webdisk.eltlt.unnes.ac.id<BR>webmail.eltlt.unnes.ac.id<BR>www.eltlt.unnes.ac.id

email.unnes.ac.id

cpanel.email.unnes.ac.id<BR>email.unnes.ac.id<BR>mail.email.unnes.ac.id<BR>webdisk.email.unnes.ac.id<BR>webmail.email.unnes.ac.id<BR>www.email.unnes.ac.id

ep.unnes.ac.id

cpanel.ep.unnes.ac.id<BR>ep.unnes.ac.id<BR>mail.ep.unnes.ac.id<BR>webdisk.ep.unnes.ac.id<BR>webmail.ep.unnes.ac.id<BR>www.ep.unnes.ac.id

etnomedisin.unnes.ac.id

cpanel.etnomedisin.unnes.ac.id<BR>etnomedisin.unnes.ac.id<BR>mail.etnomedisin.unnes.ac.id<BR>webdisk.etnomedisin.unnes.ac.id<BR>webmail.etnomedisin.unnes.ac.id<BR>www.etnomedisin.unnes.ac.id

fbs.unnes.ac.id

cpanel.fbs.unnes.ac.id<BR>fbs.unnes.ac.id<BR>mail.fbs.unnes.ac.id<BR>webdisk.fbs.unnes.ac.id<BR>webmail.fbs.unnes.ac.id<BR>www.fbs.unnes.ac.id

fe.unnes.ac.id

dpm.fe.unnes.ac.id

cpanel.dpm.fe.unnes.ac.id<BR>dpm.fe.unnes.ac.id<BR>mail.dpm.fe.unnes.ac.id<BR>webdisk.dpm.fe.unnes.ac.id<BR>webmail.dpm.fe.unnes.ac.id<BR>www.dpm.fe.unnes.ac.id

kime.fe.unnes.ac.id

cpanel.kime.fe.unnes.ac.id<BR>kime.fe.unnes.ac.id<BR>mail.kime.fe.unnes.ac.id<BR>webdisk.kime.fe.unnes.ac.id<BR>webmail.kime.fe.unnes.ac.id<BR>www.kime.fe.unnes.ac.id

fh.unnes.ac.id

cle.fh.unnes.ac.id

cle.fh.unnes.ac.id<BR>cpanel.cle.fh.unnes.ac.id<BR>mail.cle.fh.unnes.ac.id<BR>webdisk.cle.fh.unnes.ac.id<BR>webmail.cle.fh.unnes.ac.id<BR>www.cle.fh.unnes.ac.id

icils.fh.unnes.ac.id

cpanel.icils.fh.unnes.ac.id<BR>icils.fh.unnes.ac.id<BR>mail.icils.fh.unnes.ac.id<BR>webdisk.icils.fh.unnes.ac.id<BR>webmail.icils.fh.unnes.ac.id<BR>www.icils.fh.unnes.ac.id

cpanel.kerjasama.fh.unnes.ac.id<BR>kerjasama.fh.unnes.ac.id<BR>mail.kerjasama.fh.unnes.ac.id<BR>webdisk.kerjasama.fh.unnes.ac.id<BR>webmail.kerjasama.fh.unnes.ac.id<BR>www.kerjasama.fh.unnes.ac.id

mawapres.fh.unnes.ac.id

cpanel.mawapres.fh.unnes.ac.id<BR>mail.mawapres.fh.unnes.ac.id<BR>mawapres.fh.unnes.ac.id<BR>webdisk.mawapres.fh.unnes.ac.id<BR>webmail.mawapres.fh.unnes.ac.id<BR>www.mawapres.fh.unnes.ac.id

perpus.fh.unnes.ac.id

cpanel.perpus.fh.unnes.ac.id<BR>mail.perpus.fh.unnes.ac.id<BR>perpus.fh.unnes.ac.id<BR>webdisk.perpus.fh.unnes.ac.id<BR>webmail.perpus.fh.unnes.ac.id<BR>www.perpus.fh.unnes.ac.id

press.fh.unnes.ac.id

cpanel.press.fh.unnes.ac.id<BR>mail.press.fh.unnes.ac.id<BR>press.fh.unnes.ac.id<BR>webdisk.press.fh.unnes.ac.id<BR>webmail.press.fh.unnes.ac.id<BR>www.press.fh.unnes.ac.id

psc.fh.unnes.ac.id

cpanel.psc.fh.unnes.ac.id<BR>mail.psc.fh.unnes.ac.id<BR>psc.fh.unnes.ac.id<BR>webdisk.psc.fh.unnes.ac.id<BR>webmail.psc.fh.unnes.ac.id<BR>www.psc.fh.unnes.ac.id

putusan.fh.unnes.ac.id

cpanel.putusan.fh.unnes.ac.id<BR>mail.putusan.fh.unnes.ac.id<BR>putusan.fh.unnes.ac.id<BR>webdisk.putusan.fh.unnes.ac.id<BR>webmail.putusan.fh.unnes.ac.id<BR>www.putusan.fh.unnes.ac.id

ups.fh.unnes.ac.id

cpanel.ups.fh.unnes.ac.id<BR>mail.ups.fh.unnes.ac.id<BR>ups.fh.unnes.ac.id<BR>webdisk.ups.fh.unnes.ac.id<BR>webmail.ups.fh.unnes.ac.id<BR>www.ups.fh.unnes.ac.id

fifasport.unnes.ac.id

cpanel.fifasport.unnes.ac.id<BR>fifasport.unnes.ac.id<BR>mail.fifasport.unnes.ac.id<BR>webdisk.fifasport.unnes.ac.id<BR>webmail.fifasport.unnes.ac.id<BR>www.fifasport.unnes.ac.id

fik.unnes.ac.id

fip.unnes.ac.id

cpanel.fip.unnes.ac.id<BR>fip.unnes.ac.id<BR>mail.fip.unnes.ac.id<BR>webdisk.fip.unnes.ac.id

cpanel.fip.unnes.ac.id<BR>fip.unnes.ac.id<BR>mail.fip.unnes.ac.id<BR>webdisk.fip.unnes.ac.id<BR>webmail.fip.unnes.ac.id<BR>www.fip.unnes.ac.id

fis.unnes.ac.id

cpanel.himageo.fis.unnes.ac.id<BR>himageo.fis.unnes.ac.id<BR>mail.himageo.fis.unnes.ac.id<BR>webdisk.himageo.fis.unnes.ac.id<BR>webmail.himageo.fis.unnes.ac.id<BR>www.himageo.fis.unnes.ac.id

himasosant.fis.unnes.ac.id

cpanel.himasosant.fis.unnes.ac.id<BR>himasosant.fis.unnes.ac.id<BR>mail.himasosant.fis.unnes.ac.id<BR>webdisk.himasosant.fis.unnes.ac.id<BR>webmail.himasosant.fis.unnes.ac.id<BR>www.himasosant.fis.unnes.ac.id

icess.fis.unnes.ac.id

fisika.unnes.ac.id

cpanel.fisika.unnes.ac.id<BR>fisika.unnes.ac.id<BR>mail.fisika.unnes.ac.id<BR>webdisk.fisika.unnes.ac.id<BR>webmail.fisika.unnes.ac.id<BR>www.fisika.unnes.ac.id

fpjm.unnes.ac.id

cpanel.fpjm.unnes.ac.id<BR>fpjm.unnes.ac.id<BR>mail.fpjm.unnes.ac.id<BR>webdisk.fpjm.unnes.ac.id<BR>webmail.fpjm.unnes.ac.id<BR>www.fpjm.unnes.ac.id

journal.fpjm.unnes.ac.id<BR>www.journal.fpjm.unnes.ac.id

ft.unnes.ac.id

eic.ft.unnes.ac.id

cpanel.eic.ft.unnes.ac.id<BR>eic.ft.unnes.ac.id<BR>mail.eic.ft.unnes.ac.id<BR>webdisk.eic.ft.unnes.ac.id<BR>webmail.eic.ft.unnes.ac.id<BR>www.eic.ft.unnes.ac.id

geografi.unnes.ac.id

gg2.unnes.ac.id

cpanel.gg2.unnes.ac.id<BR>gg2.unnes.ac.id<BR>mail.gg2.unnes.ac.id<BR>webdisk.gg2.unnes.ac.id<BR>webmail.gg2.unnes.ac.id<BR>www.gg2.unnes.ac.id

cpanel.gg2.unnes.ac.id<BR>gg2.unnes.ac.id<BR>mail.gg2.unnes.ac.id<BR>webdisk.gg2.unnes.ac.id<BR>webmail.gg2.unnes.ac.id<BR>whm.gg2.unnes.ac.id<BR>www.gg2.unnes.ac.id

kampus.gg2.unnes.ac.id<BR>www.kampus.gg2.unnes.ac.id

cpanel.himabsi.unnes.ac.id<BR>himabsi.unnes.ac.id<BR>mail.himabsi.unnes.ac.id<BR>webdisk.himabsi.unnes.ac.id<BR>webmail.himabsi.unnes.ac.id<BR>www.himabsi.unnes.ac.id

himaktp.unnes.ac.id

cpanel.himaktp.unnes.ac.id<BR>himaktp.unnes.ac.id<BR>mail.himaktp.unnes.ac.id<BR>webdisk.himaktp.unnes.ac.id<BR>webmail.himaktp.unnes.ac.id<BR>www.himaktp.unnes.ac.id

hk.unnes.ac.id

hmptk.unnes.ac.id

cpanel.hmptk.unnes.ac.id<BR>hmptk.unnes.ac.id<BR>mail.hmptk.unnes.ac.id<BR>webdisk.hmptk.unnes.ac.id<BR>webmail.hmptk.unnes.ac.id<BR>www.hmptk.unnes.ac.id

247.subnet-103.23.100.host.unnes.ac.id

ibwft.unnes.ac.id

iccbl2015.unnes.ac.id

ice-bees.unnes.ac.id

cpanel.ice-bees.unnes.ac.id<BR>ice-bees.unnes.ac.id<BR>mail.ice-bees.unnes.ac.id<BR>webdisk.ice-bees.unnes.ac.id<BR>webmail.ice-bees.unnes.ac.id<BR>www.ice-bees.unnes.ac.id

iceeba.unnes.ac.id<BR>www.iceeba.unnes.ac.id

cpanel.iceeba.unnes.ac.id<BR>iceeba.unnes.ac.id<BR>mail.iceeba.unnes.ac.id<BR>webdisk.iceeba.unnes.ac.id<BR>webmail.iceeba.unnes.ac.id<BR>www.iceeba.unnes.ac.id

icese.unnes.ac.id

beta.icese.unnes.ac.id<BR>www.beta.icese.unnes.ac.id

cpanel.icese.unnes.ac.id<BR>icese.unnes.ac.id<BR>mail.icese.unnes.ac.id<BR>webdisk.icese.unnes.ac.id<BR>webmail.icese.unnes.ac.id<BR>www.icese.unnes.ac.id

iconarc.unnes.ac.id

cpanel.iconarc.unnes.ac.id<BR>iconarc.unnes.ac.id<BR>mail.iconarc.unnes.ac.id<BR>webdisk.iconarc.unnes.ac.id<BR>webmail.iconarc.unnes.ac.id<BR>www.iconarc.unnes.ac.id

icorsia.unnes.ac.id

cpanel.icorsia.unnes.ac.id<BR>icorsia.unnes.ac.id<BR>mail.icorsia.unnes.ac.id<BR>webdisk.icorsia.unnes.ac.id<BR>webmail.icorsia.unnes.ac.id<BR>www.icorsia.unnes.ac.id

icpeople.unnes.ac.id

cpanel.icpeople.unnes.ac.id<BR>icpeople.unnes.ac.id<BR>mail.icpeople.unnes.ac.id<BR>webdisk.icpeople.unnes.ac.id<BR>webmail.icpeople.unnes.ac.id<BR>www.icpeople.unnes.ac.id

ict.unnes.ac.id

cpanel.ict.unnes.ac.id<BR>ict.unnes.ac.id<BR>mail.ict.unnes.ac.id<BR>webdisk.ict.unnes.ac.id<BR>webmail.ict.unnes.ac.id<BR>www.ict.unnes.ac.id

ilkom.unnes.ac.id<BR>seminar.unnes.ac.id

ikamas.unnes.ac.id

cpanel.ikamas.unnes.ac.id<BR>ikamas.unnes.ac.id<BR>mail.ikamas.unnes.ac.id<BR>webdisk.ikamas.unnes.ac.id<BR>webmail.ikamas.unnes.ac.id<BR>www.ikamas.unnes.ac.id

ikm.unnes.ac.id

cpanel.ikm.unnes.ac.id<BR>ikm.unnes.ac.id<BR>mail.ikm.unnes.ac.id<BR>webdisk.ikm.unnes.ac.id<BR>webmail.ikm.unnes.ac.id<BR>www.ikm.unnes.ac.id

ikor.unnes.ac.id

ilkom.unnes.ac.id

hima.ilkom.unnes.ac.id

cpanel.hima.ilkom.unnes.ac.id<BR>hima.ilkom.unnes.ac.id<BR>mail.hima.ilkom.unnes.ac.id<BR>webdisk.hima.ilkom.unnes.ac.id<BR>webmail.hima.ilkom.unnes.ac.id<BR>www.hima.ilkom.unnes.ac.id

icc.ilkom.unnes.ac.id

cpanel.icc.ilkom.unnes.ac.id<BR>icc.ilkom.unnes.ac.id<BR>mail.icc.ilkom.unnes.ac.id<BR>webdisk.icc.ilkom.unnes.ac.id<BR>webmail.icc.ilkom.unnes.ac.id<BR>www.icc.ilkom.unnes.ac.id

jurnal.ilkom.unnes.ac.id

cpanel.karya.ilkom.unnes.ac.id<BR>karya.ilkom.unnes.ac.id<BR>mail.karya.ilkom.unnes.ac.id<BR>webdisk.karya.ilkom.unnes.ac.id<BR>webmail.karya.ilkom.unnes.ac.id<BR>www.karya.ilkom.unnes.ac.id

kuliah.ilkom.unnes.ac.id

cpanel.imbisife.unnes.ac.id<BR>imbisife.unnes.ac.id<BR>mail.imbisife.unnes.ac.id<BR>webdisk.imbisife.unnes.ac.id<BR>webmail.imbisife.unnes.ac.id<BR>www.imbisife.unnes.ac.id

indonesia.unnes.ac.id

cpanel.indonesia.unnes.ac.id<BR>indonesia.unnes.ac.id<BR>mail.indonesia.unnes.ac.id<BR>webdisk.indonesia.unnes.ac.id<BR>webmail.indonesia.unnes.ac.id<BR>www.indonesia.unnes.ac.id

cpanel.inggris.unnes.ac.id<BR>inggris.unnes.ac.id<BR>mail.inggris.unnes.ac.id<BR>webdisk.inggris.unnes.ac.id<BR>webmail.inggris.unnes.ac.id<BR>www.inggris.unnes.ac.id

io.unnes.ac.id

ipa.unnes.ac.id

cpanel.ipa.unnes.ac.id<BR>ipa.unnes.ac.id<BR>mail.ipa.unnes.ac.id<BR>webdisk.ipa.unnes.ac.id<BR>webmail.ipa.unnes.ac.id<BR>www.ipa.unnes.ac.id

ismina4.unnes.ac.id

isphe.unnes.ac.id

jawa.unnes.ac.id

cpanel.jawa.unnes.ac.id<BR>jawa.unnes.ac.id<BR>mail.jawa.unnes.ac.id<BR>webdisk.jawa.unnes.ac.id<BR>webmail.jawa.unnes.ac.id<BR>www.jawa.unnes.ac.id

jdm.unnes.ac.id

cpanel.jdm.unnes.ac.id<BR>jdm.unnes.ac.id<BR>mail.jdm.unnes.ac.id<BR>webdisk.jdm.unnes.ac.id<BR>webmail.jdm.unnes.ac.id<BR>www.jdm.unnes.ac.id

jejak.unnes.ac.id

cpanel.jejak.unnes.ac.id<BR>jejak.unnes.ac.id<BR>mail.jejak.unnes.ac.id<BR>webdisk.jejak.unnes.ac.id<BR>webmail.jejak.unnes.ac.id<BR>www.jejak.unnes.ac.id

jnpk.unnes.ac.id

cpanel.jnpk.unnes.ac.id<BR>jnpk.unnes.ac.id<BR>mail.jnpk.unnes.ac.id<BR>webdisk.jnpk.unnes.ac.id<BR>webmail.jnpk.unnes.ac.id<BR>www.jnpk.unnes.ac.id

journal.unnes.ac.id

web.journal.unnes.ac.id

karir.unnes.ac.id

kecantikan.unnes.ac.id

cpanel.kecantikan.unnes.ac.id<BR>kecantikan.unnes.ac.id<BR>mail.kecantikan.unnes.ac.id<BR>webdisk.kecantikan.unnes.ac.id<BR>webmail.kecantikan.unnes.ac.id<BR>www.kecantikan.unnes.ac.id

kepresmafip.unnes.ac.id

cpanel.kepresmafip.unnes.ac.id<BR>kepresmafip.unnes.ac.id<BR>mail.kepresmafip.unnes.ac.id<BR>webdisk.kepresmafip.unnes.ac.id<BR>webmail.kepresmafip.unnes.ac.id<BR>www.kepresmafip.unnes.ac.id

kerjasama.unnes.ac.id

kimia.unnes.ac.id

alumni.kimia.unnes.ac.id<BR>www.alumni.kimia.unnes.ac.id

eloker.kimia.unnes.ac.id<BR>www.eloker.kimia.unnes.ac.id

cpanel.kimia.unnes.ac.id<BR>kimia.unnes.ac.id<BR>mail.kimia.unnes.ac.id<BR>webdisk.kimia.unnes.ac.id<BR>webmail.kimia.unnes.ac.id<BR>www.kimia.unnes.ac.id

jcc.kimia.unnes.ac.id<BR>www.jcc.kimia.unnes.ac.id

jcc2017.kimia.unnes.ac.id<BR>www.jcc2017.kimia.unnes.ac.id

kuliah.kimia.unnes.ac.id<BR>www.kuliah.kimia.unnes.ac.id

laboratorium.kimia.unnes.ac.id<BR>www.laboratorium.kimia.unnes.ac.id

mpkim.kimia.unnes.ac.id<BR>www.mpkim.kimia.unnes.ac.id

sikajur.kimia.unnes.ac.id<BR>www.sikajur.kimia.unnes.ac.id

uas.kimia.unnes.ac.id<BR>www.uas.kimia.unnes.ac.id

kinerja.unnes.ac.id

kkn.unnes.ac.id

konservasi.unnes.ac.id

korpri.unnes.ac.id

cpanel.korpri.unnes.ac.id<BR>korpri.unnes.ac.id<BR>mail.korpri.unnes.ac.id<BR>webdisk.korpri.unnes.ac.id<BR>webmail.korpri.unnes.ac.id<BR>www.korpri.unnes.ac.id

kpri.unnes.ac.id

kuliah.unnes.ac.id

labschool.unnes.ac.id

lakip.unnes.ac.id

laporan.unnes.ac.id

lazis.unnes.ac.id

cpanel.lazis.unnes.ac.id<BR>lazis.unnes.ac.id<BR>mail.lazis.unnes.ac.id<BR>webdisk.lazis.unnes.ac.id<BR>webmail.lazis.unnes.ac.id<BR>www.lazis.unnes.ac.id

lib.unnes.ac.id

library.unnes.ac.id

lp2m.unnes.ac.id

cpanel.lp2m.unnes.ac.id<BR>lp2m.unnes.ac.id<BR>mail.lp2m.unnes.ac.id<BR>webdisk.lp2m.unnes.ac.id<BR>webmail.lp2m.unnes.ac.id<BR>www.lp2m.unnes.ac.id

iub.lp2m.unnes.ac.id

cpanel.iub.lp2m.unnes.ac.id<BR>iub.lp2m.unnes.ac.id<BR>mail.iub.lp2m.unnes.ac.id<BR>webdisk.iub.lp2m.unnes.ac.id<BR>webmail.iub.lp2m.unnes.ac.id<BR>www.iub.lp2m.unnes.ac.id

lp3.unnes.ac.id

buku.lp3.unnes.ac.id

buku.lp3.unnes.ac.id<BR>cpanel.buku.lp3.unnes.ac.id<BR>mail.buku.lp3.unnes.ac.id<BR>webdisk.buku.lp3.unnes.ac.id<BR>webmail.buku.lp3.unnes.ac.id<BR>www.buku.lp3.unnes.ac.id

cpanel.data.lp3.unnes.ac.id<BR>data.lp3.unnes.ac.id<BR>mail.data.lp3.unnes.ac.id<BR>webdisk.data.lp3.unnes.ac.id<BR>webmail.data.lp3.unnes.ac.id<BR>www.data.lp3.unnes.ac.id

karir.lp3.unnes.ac.id

kurikulum.lp3.unnes.ac.id

cpanel.kurikulum.lp3.unnes.ac.id<BR>kurikulum.lp3.unnes.ac.id<BR>mail.kurikulum.lp3.unnes.ac.id<BR>webdisk.kurikulum.lp3.unnes.ac.id<BR>webmail.kurikulum.lp3.unnes.ac.id<BR>www.kurikulum.lp3.unnes.ac.id

cpanel.layanan.lp3.unnes.ac.id<BR>layanan.lp3.unnes.ac.id<BR>mail.layanan.lp3.unnes.ac.id<BR>webdisk.layanan.lp3.unnes.ac.id<BR>webmail.layanan.lp3.unnes.ac.id<BR>www.layanan.lp3.unnes.ac.id

media.lp3.unnes.ac.id

cpanel.media.lp3.unnes.ac.id<BR>mail.media.lp3.unnes.ac.id<BR>media.lp3.unnes.ac.id<BR>webdisk.media.lp3.unnes.ac.id<BR>webmail.media.lp3.unnes.ac.id<BR>www.media.lp3.unnes.ac.id

mkumkdk.lp3.unnes.ac.id

cpanel.mkumkdk.lp3.unnes.ac.id<BR>mail.mkumkdk.lp3.unnes.ac.id<BR>mkumkdk.lp3.unnes.ac.id<BR>webdisk.mkumkdk.lp3.unnes.ac.id<BR>webmail.mkumkdk.lp3.unnes.ac.id<BR>www.mkumkdk.lp3.unnes.ac.id

cpanel.silapri.lp3.unnes.ac.id<BR>mail.silapri.lp3.unnes.ac.id<BR>silapri.lp3.unnes.ac.id<BR>webdisk.silapri.lp3.unnes.ac.id<BR>webmail.silapri.lp3.unnes.ac.id<BR>www.silapri.lp3.unnes.ac.id

sirama.lp3.unnes.ac.id

cpanel.sirama.lp3.unnes.ac.id<BR>mail.sirama.lp3.unnes.ac.id<BR>sirama.lp3.unnes.ac.id<BR>webdisk.sirama.lp3.unnes.ac.id<BR>webmail.sirama.lp3.unnes.ac.id<BR>www.sirama.lp3.unnes.ac.id

lppm.unnes.ac.id

cpanel.lp2m.unnes.ac.id<BR>lp2m.unnes.ac.id<BR>lppm.unnes.ac.id<BR>mail.lp2m.unnes.ac.id<BR>mail.lppm.unnes.ac.id<BR>webdisk.lp2m.unnes.ac.id<BR>webmail.lp2m.unnes.ac.id<BR>www.lp2m.unnes.ac.id<BR>www.lppm.unnes.ac.id

cpanel.iub.lppm.unnes.ac.id<BR>iub.lppm.unnes.ac.id<BR>mail.iub.lppm.unnes.ac.id<BR>webdisk.iub.lppm.unnes.ac.id<BR>webmail.iub.lppm.unnes.ac.id<BR>www.iub.lppm.unnes.ac.id

lpse.unnes.ac.id

lulusan.unnes.ac.id

cpanel.lulusan.unnes.ac.id<BR>lulusan.unnes.ac.id<BR>mail.lulusan.unnes.ac.id<BR>webdisk.lulusan.unnes.ac.id<BR>webmail.lulusan.unnes.ac.id<BR>www.lulusan.unnes.ac.id

mail.unnes.ac.id

mail1.unnes.ac.id

mail2.unnes.ac.id

maj.unnes.ac.id

cpanel.maj.unnes.ac.id<BR>mail.maj.unnes.ac.id<BR>maj.unnes.ac.id<BR>webdisk.maj.unnes.ac.id<BR>webmail.maj.unnes.ac.id<BR>www.maj.unnes.ac.id

manajemen.unnes.ac.id

masjid.unnes.ac.id

cpanel.masjid.unnes.ac.id<BR>mail.masjid.unnes.ac.id<BR>masjid.unnes.ac.id<BR>webdisk.masjid.unnes.ac.id<BR>webmail.masjid.unnes.ac.id<BR>www.masjid.unnes.ac.id

matematika.unnes.ac.id

alumni.matematika.unnes.ac.id<BR>www.alumni.matematika.unnes.ac.id

hima.matematika.unnes.ac.id<BR>www.hima.matematika.unnes.ac.id

cpanel.matematika.unnes.ac.id<BR>mail.matematika.unnes.ac.id<BR>matematika.unnes.ac.id<BR>webdisk.matematika.unnes.ac.id<BR>webmail.matematika.unnes.ac.id<BR>www.matematika.unnes.ac.id

lab.matematika.unnes.ac.id<BR>www.lab.matematika.unnes.ac.id

mesin.unnes.ac.id

mikm.unnes.ac.id

mipa.unnes.ac.id

simawapres.mipa.unnes.ac.id

cpanel.simawapres.mipa.unnes.ac.id<BR>mail.simawapres.mipa.unnes.ac.id<BR>simawapres.mipa.unnes.ac.id<BR>webdisk.simawapres.mipa.unnes.ac.id<BR>webmail.simawapres.mipa.unnes.ac.id<BR>www.simawapres.mipa.unnes.ac.id

simkemas.mipa.unnes.ac.id

cpanel.simkemas.mipa.unnes.ac.id<BR>mail.simkemas.mipa.unnes.ac.id<BR>simkemas.mipa.unnes.ac.id<BR>webdisk.simkemas.mipa.unnes.ac.id<BR>webmail.simkemas.mipa.unnes.ac.id<BR>www.simkemas.mipa.unnes.ac.id

pkm.simkemas.mipa.unnes.ac.id<BR>www.pkm.simkemas.mipa.unnes.ac.id

simlab.mipa.unnes.ac.id

cpanel.simlab.mipa.unnes.ac.id<BR>mail.simlab.mipa.unnes.ac.id<BR>simlab.mipa.unnes.ac.id<BR>webdisk.simlab.mipa.unnes.ac.id<BR>webmail.simlab.mipa.unnes.ac.id<BR>www.simlab.mipa.unnes.ac.id

umpeg.mipa.unnes.ac.id

cpanel.umpeg.mipa.unnes.ac.id<BR>mail.umpeg.mipa.unnes.ac.id<BR>umpeg.mipa.unnes.ac.id<BR>webdisk.umpeg.mipa.unnes.ac.id<BR>webmail.umpeg.mipa.unnes.ac.id<BR>www.umpeg.mipa.unnes.ac.id

mm1.unnes.ac.id

mm2.unnes.ac.id

monev.unnes.ac.id

mulang.unnes.ac.id

my.unnes.ac.id

ns1.unnes.ac.id

ns2.unnes.ac.id

ns3.unnes.ac.id

ns4.unnes.ac.id

opac.unnes.ac.id

osc.unnes.ac.id

cpanel.osc.unnes.ac.id<BR>mail.osc.unnes.ac.id<BR>osc.unnes.ac.id<BR>webdisk.osc.unnes.ac.id<BR>webmail.osc.unnes.ac.id<BR>www.osc.unnes.ac.id

otomasi.unnes.ac.id

otomasi2.unnes.ac.id

p2b.unnes.ac.id

p2bpp.unnes.ac.id

cpanel.p2bpp.unnes.ac.id<BR>mail.p2bpp.unnes.ac.id<BR>p2bpp.unnes.ac.id<BR>webdisk.p2bpp.unnes.ac.id<BR>webmail.p2bpp.unnes.ac.id<BR>www.p2bpp.unnes.ac.id

pagoda.unnes.ac.id

pakar.unnes.ac.id

pantasi.unnes.ac.id

paud.unnes.ac.id

payment.unnes.ac.id

pba.unnes.ac.id

pbj.unnes.ac.id

cpanel.pe.unnes.ac.id<BR>mail.pe.unnes.ac.id<BR>pe.unnes.ac.id<BR>webdisk.pe.unnes.ac.id<BR>webmail.pe.unnes.ac.id<BR>www.pe.unnes.ac.id

pemira.unnes.ac.id

pendidikanekonomi.unnes.ac.id

iup.pendidikanekonomi.unnes.ac.id

cpanel.iup.pendidikanekonomi.unnes.ac.id<BR>iup.pendidikanekonomi.unnes.ac.id<BR>mail.iup.pendidikanekonomi.unnes.ac.id<BR>webdisk.iup.pendidikanekonomi.unnes.ac.id<BR>webmail.iup.pendidikanekonomi.unnes.ac.id<BR>www.iup.pendidikanekonomi.unnes.ac.id

puslab.pendidikanekonomi.unnes.ac.id

cpanel.puslab.pendidikanekonomi.unnes.ac.id<BR>mail.puslab.pendidikanekonomi.unnes.ac.id<BR>puslab.pendidikanekonomi.unnes.ac.id<BR>webdisk.puslab.pendidikanekonomi.unnes.ac.id<BR>webmail.puslab.pendidikanekonomi.unnes.ac.id<BR>www.puslab.pendidikanekonomi.unnes.ac.id

penerimaan.unnes.ac.id

perpus.unnes.ac.id

pgpaud.unnes.ac.id

cpanel.pgpaud.unnes.ac.id<BR>mail.pgpaud.unnes.ac.id<BR>pgpaud.unnes.ac.id<BR>webdisk.pgpaud.unnes.ac.id<BR>webmail.pgpaud.unnes.ac.id<BR>www.pgpaud.unnes.ac.id

pgsd.unnes.ac.id

cpanel.pgsd.unnes.ac.id<BR>mail.pgsd.unnes.ac.id<BR>pgsd.unnes.ac.id<BR>webdisk.pgsd.unnes.ac.id<BR>webmail.pgsd.unnes.ac.id<BR>www.pgsd.unnes.ac.id

pips.unnes.ac.id

pkk.unnes.ac.id

cpanel.pkk.unnes.ac.id<BR>mail.pkk.unnes.ac.id<BR>pkk.unnes.ac.id<BR>webdisk.pkk.unnes.ac.id<BR>webmail.pkk.unnes.ac.id<BR>www.pkk.unnes.ac.id

pkl.unnes.ac.id

pkn.unnes.ac.id

pnf.unnes.ac.id

cpanel.pnf.unnes.ac.id<BR>mail.pnf.unnes.ac.id<BR>pnf.unnes.ac.id<BR>webdisk.pnf.unnes.ac.id<BR>webmail.pnf.unnes.ac.id<BR>www.pnf.unnes.ac.id

portofolioguru.unnes.ac.id

poss.unnes.ac.id

ppjm.unnes.ac.id

ppl.unnes.ac.id

pps.unnes.ac.id

app.pps.unnes.ac.id

bem.pps.unnes.ac.id

cpanel.pddseni.pps.unnes.ac.id<BR>mail.pddseni.pps.unnes.ac.id<BR>pddseni.pps.unnes.ac.id<BR>webdisk.pddseni.pps.unnes.ac.id<BR>webmail.pddseni.pps.unnes.ac.id<BR>www.pddseni.pps.unnes.ac.id

pep.pps.unnes.ac.id

presensi.unnes.ac.id

press.unnes.ac.id

cpanel.press.unnes.ac.id<BR>mail.press.unnes.ac.id<BR>press.unnes.ac.id<BR>webdisk.press.unnes.ac.id<BR>webmail.press.unnes.ac.id<BR>www.press.unnes.ac.id

prodipkk.unnes.ac.id

cpanel.prodipkk.unnes.ac.id<BR>mail.prodipkk.unnes.ac.id<BR>prodipkk.unnes.ac.id<BR>webdisk.prodipkk.unnes.ac.id<BR>webmail.prodipkk.unnes.ac.id<BR>www.prodipkk.unnes.ac.id

psikologi.unnes.ac.id

alumni.psikologi.unnes.ac.id<BR>cpanel.alumni.psikologi.unnes.ac.id<BR>mail.alumni.psikologi.unnes.ac.id<BR>webdisk.alumni.psikologi.unnes.ac.id<BR>webmail.alumni.psikologi.unnes.ac.id<BR>www.alumni.psikologi.unnes.ac.id

cpanel.psikologi.unnes.ac.id<BR>mail.psikologi.unnes.ac.id<BR>psikologi.unnes.ac.id<BR>webdisk.psikologi.unnes.ac.id<BR>webmail.psikologi.unnes.ac.id<BR>www.psikologi.unnes.ac.id

psmvoc.unnes.ac.id

cpanel.psmvoc.unnes.ac.id<BR>mail.psmvoc.unnes.ac.id<BR>psmvoc.unnes.ac.id<BR>webdisk.psmvoc.unnes.ac.id<BR>webmail.psmvoc.unnes.ac.id<BR>www.psmvoc.unnes.ac.id

pte.unnes.ac.id

ptik.unnes.ac.id

cpanel.ptik.unnes.ac.id<BR>mail.ptik.unnes.ac.id<BR>ptik.unnes.ac.id<BR>webdisk.ptik.unnes.ac.id<BR>webmail.ptik.unnes.ac.id<BR>www.ptik.unnes.ac.id

ptm.unnes.ac.id

cpanel.ptm.unnes.ac.id<BR>mail.ptm.unnes.ac.id<BR>ptm.unnes.ac.id<BR>webdisk.ptm.unnes.ac.id<BR>webmail.ptm.unnes.ac.id<BR>www.ptm.unnes.ac.id

pto.unnes.ac.id

cpanel.pto.unnes.ac.id<BR>mail.pto.unnes.ac.id<BR>pto.unnes.ac.id<BR>webdisk.pto.unnes.ac.id<BR>webmail.pto.unnes.ac.id<BR>www.pto.unnes.ac.id

puskamades.unnes.ac.id

cpanel.puskamades.unnes.ac.id<BR>mail.puskamades.unnes.ac.id<BR>puskamades.unnes.ac.id<BR>webdisk.puskamades.unnes.ac.id<BR>webmail.puskamades.unnes.ac.id<BR>www.puskamades.unnes.ac.id

pvts.unnes.ac.id

registrasi.unnes.ac.id

rekrutmen.unnes.ac.id

remfm.unnes.ac.id

repo.unnes.ac.id

repolib.unnes.ac.id

cpanel.rockexpert.unnes.ac.id<BR>mail.rockexpert.unnes.ac.id<BR>rockexpert.unnes.ac.id<BR>webdisk.rockexpert.unnes.ac.id<BR>webmail.rockexpert.unnes.ac.id<BR>www.rockexpert.unnes.ac.id

santai.unnes.ac.id

satulayanan.unnes.ac.id

sejarah.unnes.ac.id

cpanel.sejarah.unnes.ac.id<BR>mail.sejarah.unnes.ac.id<BR>sejarah.unnes.ac.id<BR>webdisk.sejarah.unnes.ac.id<BR>webmail.sejarah.unnes.ac.id<BR>www.sejarah.unnes.ac.id

seleksimandiri.unnes.ac.id

seminar.unnes.ac.id

semnas.unnes.ac.id

cpanel.semnas.unnes.ac.id<BR>mail.semnas.unnes.ac.id<BR>semnas.unnes.ac.id<BR>webdisk.semnas.unnes.ac.id<BR>webmail.semnas.unnes.ac.id<BR>www.semnas.unnes.ac.id

semnastp.unnes.ac.id

cpanel.semnastp.unnes.ac.id<BR>mail.semnastp.unnes.ac.id<BR>semnastp.unnes.ac.id<BR>webdisk.semnastp.unnes.ac.id<BR>webmail.semnastp.unnes.ac.id<BR>www.semnastp.unnes.ac.id

senat.unnes.ac.id

cpanel.senat.unnes.ac.id<BR>mail.senat.unnes.ac.id<BR>senat.unnes.ac.id<BR>webdisk.senat.unnes.ac.id<BR>webmail.senat.unnes.ac.id<BR>www.senat.unnes.ac.id

sendratasik.unnes.ac.id

cpanel.sendratasik.unnes.ac.id<BR>mail.sendratasik.unnes.ac.id<BR>sendratasik.unnes.ac.id<BR>webdisk.sendratasik.unnes.ac.id<BR>webmail.sendratasik.unnes.ac.id<BR>www.sendratasik.unnes.ac.id

senirupa.unnes.ac.id

siakunt.unnes.ac.id

siami.unnes.ac.id

sianggar.unnes.ac.id

siap.unnes.ac.id

cpanel.siap.unnes.ac.id<BR>mail.siap.unnes.ac.id<BR>siap.unnes.ac.id<BR>webdisk.siap.unnes.ac.id<BR>webmail.siap.unnes.ac.id<BR>www.siap.unnes.ac.id

siappg.unnes.ac.id

sibima.unnes.ac.id

sidakwah.unnes.ac.id

sikeu.unnes.ac.id

simarta.unnes.ac.id

simawa.unnes.ac.id

cpanel.simawa.unnes.ac.id<BR>mail.simawa.unnes.ac.id<BR>simawa.unnes.ac.id<BR>webdisk.simawa.unnes.ac.id<BR>webmail.simawa.unnes.ac.id<BR>www.simawa.unnes.ac.id

simawang.unnes.ac.id

simkeu.unnes.ac.id

simpakdos.unnes.ac.id

simpeg.unnes.ac.id

simpeg2.unnes.ac.id

simpel.unnes.ac.id

cpanel.simpel.unnes.ac.id<BR>mail.simpel.unnes.ac.id<BR>simpel.unnes.ac.id<BR>webdisk.simpel.unnes.ac.id<BR>webmail.simpel.unnes.ac.id<BR>www.simpel.unnes.ac.id

siomon.unnes.ac.id

sipil.unnes.ac.id

sipp.unnes.ac.id

siprima.unnes.ac.id

cpanel.siprima.unnes.ac.id<BR>mail.siprima.unnes.ac.id<BR>siprima.unnes.ac.id<BR>webdisk.siprima.unnes.ac.id<BR>webmail.siprima.unnes.ac.id<BR>www.siprima.unnes.ac.id

siradi.unnes.ac.id

siremun.unnes.ac.id

sister.unnes.ac.id

sitedi.unnes.ac.id

skripsi.unnes.ac.id

sosant.unnes.ac.id

cpanel.spg.unnes.ac.id<BR>mail.spg.unnes.ac.id<BR>spg.unnes.ac.id<BR>webdisk.spg.unnes.ac.id<BR>webmail.spg.unnes.ac.id<BR>www.spg.unnes.ac.id

spi.unnes.ac.id

cpanel.spi.unnes.ac.id<BR>mail.spi.unnes.ac.id<BR>spi.unnes.ac.id<BR>webdisk.spi.unnes.ac.id<BR>webmail.spi.unnes.ac.id<BR>www.spi.unnes.ac.id

spmu.unnes.ac.id

www.spmu.unnes.ac.id

ss.unnes.ac.id

staff.unnes.ac.id

statistik.unnes.ac.id

streaming.unnes.ac.id

cpanel.streaming.unnes.ac.id<BR>mail.streaming.unnes.ac.id<BR>streaming.unnes.ac.id<BR>webdisk.streaming.unnes.ac.id<BR>webmail.streaming.unnes.ac.id<BR>www.streaming.unnes.ac.id

studentstaff.unnes.ac.id

cpanel.studentstaff.unnes.ac.id<BR>mail.studentstaff.unnes.ac.id<BR>studentstaff.unnes.ac.id<BR>webdisk.studentstaff.unnes.ac.id<BR>webmail.studentstaff.unnes.ac.id<BR>www.studentstaff.unnes.ac.id

survey.unnes.ac.id

te.unnes.ac.id

tekkim.unnes.ac.id

teknodik.unnes.ac.id

tjp.unnes.ac.id

tm.unnes.ac.id

cpanel.tm.unnes.ac.id<BR>mail.tm.unnes.ac.id<BR>tm.unnes.ac.id<BR>webdisk.tm.unnes.ac.id<BR>webmail.tm.unnes.ac.id<BR>www.tm.unnes.ac.id

tracer.unnes.ac.id

tracerstudy.unnes.ac.id

tv.unnes.ac.id

uap.unnes.ac.id

ujianpraktek.unnes.ac.id

ukki.unnes.ac.id

cpanel.ukki.unnes.ac.id<BR>mail.ukki.unnes.ac.id<BR>ukki.unnes.ac.id<BR>webdisk.ukki.unnes.ac.id<BR>webmail.ukki.unnes.ac.id<BR>www.ukki.unnes.ac.id

bemfis.ukm.unnes.ac.id

bemfis.ukm.unnes.ac.id<BR>cpanel.bemfis.ukm.unnes.ac.id<BR>mail.bemfis.ukm.unnes.ac.id<BR>webdisk.bemfis.ukm.unnes.ac.id<BR>webmail.bemfis.ukm.unnes.ac.id<BR>www.bemfis.ukm.unnes.ac.id

erc.ukm.unnes.ac.id

cpanel.erc.ukm.unnes.ac.id<BR>erc.ukm.unnes.ac.id<BR>mail.erc.ukm.unnes.ac.id<BR>webdisk.erc.ukm.unnes.ac.id<BR>webmail.erc.ukm.unnes.ac.id<BR>www.erc.ukm.unnes.ac.id

fmi.ukm.unnes.ac.id

cpanel.fmi.ukm.unnes.ac.id<BR>fmi.ukm.unnes.ac.id<BR>mail.fmi.ukm.unnes.ac.id<BR>webdisk.fmi.ukm.unnes.ac.id<BR>webmail.fmi.ukm.unnes.ac.id<BR>www.fmi.ukm.unnes.ac.id

ski.fmi.ukm.unnes.ac.id<BR>www.ski.fmi.ukm.unnes.ac.id

cpanel.gerhana.ukm.unnes.ac.id<BR>gerhana.ukm.unnes.ac.id<BR>mail.gerhana.ukm.unnes.ac.id<BR>webdisk.gerhana.ukm.unnes.ac.id<BR>webmail.gerhana.ukm.unnes.ac.id<BR>www.gerhana.ukm.unnes.ac.id

himaipa.ukm.unnes.ac.id

cpanel.himaipa.ukm.unnes.ac.id<BR>himaipa.ukm.unnes.ac.id<BR>mail.himaipa.ukm.unnes.ac.id<BR>webdisk.himaipa.ukm.unnes.ac.id<BR>webmail.himaipa.ukm.unnes.ac.id<BR>www.himaipa.ukm.unnes.ac.id

himapips.ukm.unnes.ac.id

cpanel.himapips.ukm.unnes.ac.id<BR>himapips.ukm.unnes.ac.id<BR>mail.himapips.ukm.unnes.ac.id<BR>webdisk.himapips.ukm.unnes.ac.id<BR>webmail.himapips.ukm.unnes.ac.id<BR>www.himapips.ukm.unnes.ac.id

himpromesin.ukm.unnes.ac.id

cpanel.himpromesin.ukm.unnes.ac.id<BR>himpromesin.ukm.unnes.ac.id<BR>mail.himpromesin.ukm.unnes.ac.id<BR>webdisk.himpromesin.ukm.unnes.ac.id<BR>webmail.himpromesin.ukm.unnes.ac.id<BR>www.himpromesin.ukm.unnes.ac.id

himpropkk.ukm.unnes.ac.id

cpanel.himpropkk.ukm.unnes.ac.id<BR>himpropkk.ukm.unnes.ac.id<BR>mail.himpropkk.ukm.unnes.ac.id<BR>webdisk.himpropkk.ukm.unnes.ac.id<BR>webmail.himpropkk.ukm.unnes.ac.id<BR>www.himpropkk.ukm.unnes.ac.id

ksrpmi.ukm.unnes.ac.id

cpanel.ksrpmi.ukm.unnes.ac.id<BR>ksrpmi.ukm.unnes.ac.id<BR>mail.ksrpmi.ukm.unnes.ac.id<BR>webdisk.ksrpmi.ukm.unnes.ac.id<BR>webmail.ksrpmi.ukm.unnes.ac.id<BR>www.ksrpmi.ukm.unnes.ac.id

lexscientia.ukm.unnes.ac.id

cpanel.lexscientia.ukm.unnes.ac.id<BR>lexscientia.ukm.unnes.ac.id<BR>mail.lexscientia.ukm.unnes.ac.id<BR>webdisk.lexscientia.ukm.unnes.ac.id<BR>webmail.lexscientia.ukm.unnes.ac.id<BR>www.lexscientia.ukm.unnes.ac.id

pkm.lexscientia.ukm.unnes.ac.id<BR>www.pkm.lexscientia.ukm.unnes.ac.id

mahapala.ukm.unnes.ac.id

menwa.ukm.unnes.ac.id

pramuka.ukm.unnes.ac.id

cpanel.pramuka.ukm.unnes.ac.id<BR>mail.pramuka.ukm.unnes.ac.id<BR>pramuka.ukm.unnes.ac.id<BR>webdisk.pramuka.ukm.unnes.ac.id<BR>webmail.pramuka.ukm.unnes.ac.id<BR>www.pramuka.ukm.unnes.ac.id

cpanel.rebanamodern.ukm.unnes.ac.id<BR>mail.rebanamodern.ukm.unnes.ac.id<BR>rebanamodern.ukm.unnes.ac.id<BR>webdisk.rebanamodern.ukm.unnes.ac.id<BR>webmail.rebanamodern.ukm.unnes.ac.id<BR>www.rebanamodern.ukm.unnes.ac.id

riptek.ukm.unnes.ac.id

cpanel.riptek.ukm.unnes.ac.id<BR>mail.riptek.ukm.unnes.ac.id<BR>riptek.ukm.unnes.ac.id<BR>webdisk.riptek.ukm.unnes.ac.id<BR>webmail.riptek.ukm.unnes.ac.id<BR>www.riptek.ukm.unnes.ac.id

ukk.ukm.unnes.ac.id

cpanel.ukk.ukm.unnes.ac.id<BR>mail.ukk.ukm.unnes.ac.id<BR>ukk.ukm.unnes.ac.id<BR>webdisk.ukk.ukm.unnes.ac.id<BR>webmail.ukk.ukm.unnes.ac.id<BR>www.ukk.ukm.unnes.ac.id

umai.ukm.unnes.ac.id

cpanel.ukpbj.unnes.ac.id<BR>mail.ukpbj.unnes.ac.id<BR>ukpbj.unnes.ac.id<BR>webdisk.ukpbj.unnes.ac.id<BR>webmail.ukpbj.unnes.ac.id<BR>www.ukpbj.unnes.ac.id

ulp.unnes.ac.id

cpanel.ult.unnes.ac.id<BR>mail.ult.unnes.ac.id<BR>ult.unnes.ac.id<BR>webdisk.ult.unnes.ac.id<BR>webmail.ult.unnes.ac.id<BR>www.ult.unnes.ac.id

unfest.unnes.ac.id

cpanel.unfest.unnes.ac.id<BR>mail.unfest.unnes.ac.id<BR>unfest.unnes.ac.id<BR>webdisk.unfest.unnes.ac.id<BR>webmail.unfest.unnes.ac.id<BR>www.unfest.unnes.ac.id

usulbuku.unnes.ac.id

vocational.unnes.ac.id

cpanel.vpnjurnal.unnes.ac.id<BR>mail.vpnjurnal.unnes.ac.id<BR>vpnjurnal.unnes.ac.id<BR>webdisk.vpnjurnal.unnes.ac.id<BR>webmail.vpnjurnal.unnes.ac.id<BR>www.vpnjurnal.unnes.ac.id

warung.unnes.ac.id

wbs.unnes.ac.id

web.unnes.ac.id

wisuda.unnes.ac.id

